App;Category;Rating;Reviews;Size;Installs;Type;Price;Content Rating;Genres;Last Updated;Current Ver;Android Ver
24 megapixel hd camera;PHOTOGRAPHY;40;802;5.1M;100,000+;Free;0;Everyone;Photography;03.05.2017;1.1;2.3 and up
4K Ultra Camera;PHOTOGRAPHY;42;382;2.9M;100,000+;Free;0;Everyone;Photography;30.07.2018;39.272.12;2.2 and up
A Better Camera;PHOTOGRAPHY;41;76484;Varies with device;5,000,000+;Free;0;Everyone;Photography;08.06.2018;3.52;4.0 and up
A.J. Styles HD Wallpapers 2018;PHOTOGRAPHY;1;1;7.6M;100+;Free;0;Everyone;Photography;26.07.2018;1.0;4.1 and up
A+ Gallery - Photos & Videos;PHOTOGRAPHY;45;223941;Varies with device;10,000,000+;Free;0;Everyone;Photography;06.08.2018;Varies with device;Varies with device
Add Text To Photo;PHOTOGRAPHY;41;21578;1.6M;1,000,000+;Free;0;Everyone;Photography;08.09.2017;1.1.3;2.3 and up
Add Watermark Free;PHOTOGRAPHY;43;18325;Varies with device;1,000,000+;Free;0;Everyone;Photography;03.09.2017;Varies with device;Varies with device
Adobe Illustrator Draw;PHOTOGRAPHY;44;65766;Varies with device;5,000,000+;Free;0;Everyone;Photography;02.04.2018;3.4.23;5.0 and up
Adobe Photoshop Express:Photo Editor Collage Maker;PHOTOGRAPHY;42;914804;Varies with device;50,000,000+;Free;0;Everyone;Photography;22.07.2018;5.0.508;4.4 and up
Adobe Photoshop Express:Photo Editor Collage Maker;PHOTOGRAPHY;42;914917;Varies with device;50,000,000+;Free;0;Everyone;Photography;22.07.2018;5.0.508;4.4 and up
Adobe Photoshop Fix;PHOTOGRAPHY;42;28390;38M;5,000,000+;Free;0;Everyone;Photography;19.07.2017;1.0.499;5.0 and up
AEE AP;PHOTOGRAPHY;1;4;17M;1,000+;Free;0;Everyone;Photography;07.02.2018;1.01;2.2 and up
AfterFocus;PHOTOGRAPHY;42;165224;15M;10,000,000+;Free;0;Everyone;Photography;08.07.2016;2.1.0;4.0.3 and up
Afterlight;PHOTOGRAPHY;43;50893;35M;1,000,000+;Free;0;Everyone;Photography;20.11.2014;1.0.6;4.0.3 and up
AI Draw | Art Filter for Selfie;PHOTOGRAPHY;30;20;4.3M;1,000+;Paid;1,80;Everyone;Photography;18.06.2018;1.4.7;5.0 and up
AI Image Recognizer (beta);PHOTOGRAPHY;1;0;3.7M;500+;Free;0;Everyone;Photography;13.09.2017;closed;4.0 and up
Ai-Ball AV Recorder;PHOTOGRAPHY;27;90;4.0M;5,000+;Paid;7,42;Everyone;Photography;19.10.2017;13;2.3.3 and up
AJ Cam;PHOTOGRAPHY;50;44;2.8M;100+;Free;0;Everyone;Photography;23.01.2018;1.0;4.1 and up
All Types DP & Status Maker;PHOTOGRAPHY;45;16;14M;1,000+;Free;0;Teen;Photography;12.07.2018;2.1.5;4.0.3 and up
Analog BW - Camera filter effect foto film retouch;PHOTOGRAPHY;1;2;17M;100+;Free;0;Everyone;Photography;23.05.2018;1.1;4.4 and up
AR effect;PHOTOGRAPHY;42;79792;Varies with device;100,000,000+;Free;0;Everyone;Photography;03.08.2018;Varies with device;Varies with device
Arto: f.infrared photo;PHOTOGRAPHY;41;41;11M;500+;Paid;4,77;Everyone;Photography;19.07.2016;3.1;4.4 and up
ASUS Gallery;PHOTOGRAPHY;43;125259;Varies with device;50,000,000+;Free;0;Everyone;Photography;02.08.2018;Varies with device;Varies with device
ASUS PixelMaster Camera;PHOTOGRAPHY;44;626366;Varies with device;10,000,000+;Free;0;Everyone;Photography;29.06.2016;Varies with device;Varies with device
Auto Background Changer;PHOTOGRAPHY;40;35188;6.2M;1,000,000+;Free;0;Everyone;Photography;22.02.2018;1.0.11;3.2 and up
Auto Dslr Photo Effect : Auto Focus Effect;PHOTOGRAPHY;38;6;3.5M;1,000+;Free;0;Everyone;Photography;20.02.2018;1.6;4.0.3 and up
AZ Camera - Manual Pro Cam;PHOTOGRAPHY;34;2332;1.6M;100,000+;Free;0;Everyone;Photography;28.08.2015;2.2;5.0 and up
B Tiff Viewer;PHOTOGRAPHY;41;283;7.4M;100,000+;Free;0;Everyone;Photography;12.05.2018;1.1.7.4;4.0 and up
B&W Photo Filter Editor;PHOTOGRAPHY;39;205;2.4M;50,000+;Free;0;Everyone;Photography;29.07.2017;1.0.5;4.0 and up
B612 - Beauty & Filter Camera;PHOTOGRAPHY;44;5282578;Varies with device;100,000,000+;Free;0;Everyone;Photography;30.07.2018;7.6.5;4.3 and up
B612 - Beauty & Filter Camera;PHOTOGRAPHY;44;5282558;Varies with device;100,000,000+;Free;0;Everyone;Photography;30.07.2018;7.6.5;4.3 and up
B612 - Beauty & Filter Camera;PHOTOGRAPHY;44;5276983;Varies with device;100,000,000+;Free;0;Everyone;Photography;30.07.2018;7.6.5;4.3 and up
Background Changer & Eraser;PHOTOGRAPHY;40;2076;11M;500,000+;Free;0;Teen;Photography;21.05.2018;2.5;4.1 and up
Background Eraser;PHOTOGRAPHY;45;267378;1.9M;10,000,000+;Free;0;Everyone;Photography;11.07.2015;1.4.6;4.0 and up
BC Camera;PHOTOGRAPHY;42;5;5.5M;500+;Free;0;Everyone;Photography;10.01.2018;1.0;4.0.3 and up
Be Fabulous PHOTO BOOTH;PHOTOGRAPHY;41;560;1.7M;10,000+;Free;0;Everyone;Photography;01.02.2017;1.07;4.0 and up
Beauty Makeup – Photo Makeover;PHOTOGRAPHY;43;21730;19M;1,000,000+;Free;0;Everyone;Photography;23.05.2018;1.6.0;4.0 and up
Beauty Makeup Snappy Collage Photo Editor - Lidow;PHOTOGRAPHY;45;420973;Varies with device;10,000,000+;Free;0;Everyone;Photography;02.08.2018;Varies with device;Varies with device
BeautyPlus - Easy Photo Editor & Selfie Camera;PHOTOGRAPHY;44;3158047;53M;100,000,000+;Free;0;Everyone;Photography;31.07.2018;6.9.031;4.1 and up
BeautyPlus - Easy Photo Editor & Selfie Camera;PHOTOGRAPHY;44;3157936;53M;100,000,000+;Free;0;Everyone;Photography;31.07.2018;6.9.031;4.1 and up
BeautyPlus - Easy Photo Editor & Selfie Camera;PHOTOGRAPHY;44;3158151;53M;100,000,000+;Free;0;Everyone;Photography;31.07.2018;6.9.031;4.1 and up
BeautyPlus - Easy Photo Editor & Selfie Camera;PHOTOGRAPHY;44;3158151;53M;100,000,000+;Free;0;Everyone;Photography;31.07.2018;6.9.031;4.1 and up
BeautyPlus - Easy Photo Editor & Selfie Camera;PHOTOGRAPHY;44;3156484;53M;100,000,000+;Free;0;Everyone;Photography;31.07.2018;6.9.031;4.1 and up
BeFunky Photo Editor Pro;PHOTOGRAPHY;45;4724;Varies with device;50,000+;Paid;8,19;Everyone;Photography;14.08.2017;Varies with device;Varies with device
Bestie - Camera360 Selfie;PHOTOGRAPHY;45;512996;23M;10,000,000+;Free;0;Everyone;Photography;02.08.2018;4.0.3.5;4.1 and up
BG Editor;PHOTOGRAPHY;1;0;8.4M;5+;Free;0;Everyone;Photography;23.07.2018;1.2;4.1 and up
BK Photography;PHOTOGRAPHY;43;20;4.8M;1,000+;Free;0;Everyone;Photography;06.01.2017;0.1;2.3 and up
BL 1-Click Camera;PHOTOGRAPHY;1;4;1.4M;100+;Paid;6,15;Everyone;Photography;18.08.2016;2.0.160818;2.3 and up
BL 1-Click Camera - Free;PHOTOGRAPHY;35;52;1.8M;10,000+;Free;0;Everyone;Photography;18.08.2016;2.0.160818;2.3 and up
BL Portfolio;PHOTOGRAPHY;1;4;16M;100+;Free;0;Everyone;Photography;13.06.2017;1.2;4.1 and up
Black & White Camera - Lovely BW;PHOTOGRAPHY;42;329;4.8M;100,000+;Free;0;Everyone;Photography;13.11.2017;1.1.0;4.4 and up
BlackCam Pro - B&W Camera;PHOTOGRAPHY;45;1376;5.5M;100,000+;Paid;1,58;Everyone;Photography;26.03.2018;1.51;4.0 and up
Blender BG - Photo Blend With Background;PHOTOGRAPHY;1;0;7.8M;100+;Free;0;Everyone;Photography;20.09.2017;1.0;4.2 and up
BlitzWolf Shutter - BW Shutter;PHOTOGRAPHY;29;333;1.8M;50,000+;Free;0;Everyone;Photography;22.11.2017;1.8.0;4.0 and up
Blur;PHOTOGRAPHY;40;9013;2.4M;1,000,000+;Free;0;Everyone;Photography;18.06.2018;4.0.2;4.4 and up
Blur Image - DSLR focus effect;PHOTOGRAPHY;39;38055;4.1M;5,000,000+;Free;0;Everyone;Photography;16.06.2017;1.17;4.0 and up
Blur Image Background;PHOTOGRAPHY;39;129272;11M;10,000,000+;Free;0;Everyone;Photography;30.07.2018;1.32;4.1 and up
Blur Image Background;PHOTOGRAPHY;39;129268;11M;10,000,000+;Free;0;Everyone;Photography;30.07.2018;1.32;4.1 and up
Blur Image Background Editor (Blur Photo Editor);PHOTOGRAPHY;44;62421;9.6M;5,000,000+;Free;0;Everyone;Photography;28.07.2018;2.4;4.1 and up
Blurfoto : Auto blur photo background & DSLR focus;PHOTOGRAPHY;43;2215;12M;500,000+;Free;0;Everyone;Photography;27.07.2018;1.12;4.3 and up
Bokeh (Background defocus);PHOTOGRAPHY;40;50109;Varies with device;10,000,000+;Free;0;Everyone;Photography;07.06.2018;Varies with device;Varies with device
Boomerang from Instagram;PHOTOGRAPHY;44;928720;Varies with device;50,000,000+;Free;0;Everyone;Photography;16.07.2018;Varies with device;Varies with device
BQ Camera;PHOTOGRAPHY;36;2526;Varies with device;1,000,000+;Free;0;Everyone;Photography;02.07.2018;Varies with device;Varies with device
Brica BPRO5 AE;PHOTOGRAPHY;39;4726;3.9M;500,000+;Free;0;Everyone;Photography;17.06.2015;v1.0;3.1 and up
BT Camera;PHOTOGRAPHY;33;1307;6.6M;500,000+;Free;0;Everyone;Photography;24.02.2017;1.8;2.3 and up
Camera for Android;PHOTOGRAPHY;42;240475;9.5M;10,000,000+;Free;0;Everyone;Photography;22.11.2017;3.8;4.0 and up
Camera for Android;PHOTOGRAPHY;42;240475;9.5M;10,000,000+;Free;0;Everyone;Photography;22.11.2017;3.8;4.0 and up
Camera for Android;PHOTOGRAPHY;42;240475;9.5M;10,000,000+;Free;0;Everyone;Photography;22.11.2017;3.8;4.0 and up
Camera FV-5;PHOTOGRAPHY;38;16320;Varies with device;100,000+;Paid;7,54;Everyone;Photography;10.11.2017;Varies with device;Varies with device
Camera FV-5;PHOTOGRAPHY;38;16317;Varies with device;100,000+;Paid;8,88;Everyone;Photography;10.11.2017;Varies with device;Varies with device
Camera FV-5 Lite;PHOTOGRAPHY;40;130081;5.6M;10,000,000+;Free;0;Everyone;Photography;10.11.2017;3.31.4;4.0 and up
Camera FV-5 Lite;PHOTOGRAPHY;40;130063;5.6M;10,000,000+;Free;0;Everyone;Photography;10.11.2017;3.31.4;4.0 and up
Camera MX - Free Photo & Video Camera;PHOTOGRAPHY;43;244371;Varies with device;10,000,000+;Free;0;Everyone;Photography;05.07.2018;Varies with device;Varies with device
Camera MX - Free Photo & Video Camera;PHOTOGRAPHY;43;244302;Varies with device;10,000,000+;Free;0;Everyone;Photography;05.07.2018;Varies with device;Varies with device
Camera Pro;PHOTOGRAPHY;41;7479;13M;1,000,000+;Free;0;Everyone;Photography;16.04.2018;5.4;4.0 and up
Camera V7 24 Megapixel;PHOTOGRAPHY;40;2480;2.5M;100,000+;Free;0;Everyone;Photography;01.08.2018;4.0;4.1 and up
Camera ZOOM FX - FREE;PHOTOGRAPHY;40;88860;6.1M;5,000,000+;Free;0;Everyone;Photography;06.04.2017;6.2.9;2.3 and up
camera zoom moon;PHOTOGRAPHY;37;1213;1.1M;500,000+;Free;0;Everyone;Photography;23.01.2018;1.06;2.3 and up
Camera360 Lite - Selfie Camera;PHOTOGRAPHY;44;221858;Varies with device;10,000,000+;Free;0;Everyone;Photography;01.08.2018;Varies with device;4.1 and up
Camera360 Lite - Selfie Camera;PHOTOGRAPHY;44;221878;Varies with device;10,000,000+;Free;0;Everyone;Photography;01.08.2018;Varies with device;4.1 and up
Camera360: Selfie Photo Editor with Funny Sticker;PHOTOGRAPHY;43;4865093;51M;100,000,000+;Free;0;Everyone;Photography;06.08.2018;9.3.1;4.0.3 and up
Camera360: Selfie Photo Editor with Funny Sticker;PHOTOGRAPHY;43;4865107;51M;100,000,000+;Free;0;Everyone;Photography;06.08.2018;9.3.1;4.0.3 and up
Camera360: Selfie Photo Editor with Funny Sticker;PHOTOGRAPHY;43;4865132;51M;100,000,000+;Free;0;Everyone;Photography;06.08.2018;9.3.1;4.0.3 and up
Camera51 - a smarter camera;PHOTOGRAPHY;40;29707;18M;1,000,000+;Free;0;Everyone;Photography;10.02.2015;1.1.6;4.0 and up
Cameringo Lite. Filters Camera;PHOTOGRAPHY;42;140917;5.7M;10,000,000+;Free;0;Everyone;Photography;11.06.2018;2.2.93;4.0 and up
Cameringo+ Filters Camera;PHOTOGRAPHY;46;28107;5.7M;500,000+;Paid;4,32;Everyone;Photography;11.06.2018;2.8.26;4.0 and up
Candy Camera - selfie, beauty camera, photo editor;PHOTOGRAPHY;44;3368649;Varies with device;100,000,000+;Free;0;Everyone;Photography;16.07.2018;4.47;4.0.3 and up
Candy Camera - selfie, beauty camera, photo editor;PHOTOGRAPHY;44;3368646;Varies with device;100,000,000+;Free;0;Everyone;Photography;16.07.2018;4.47;4.0.3 and up
Candy Camera - selfie, beauty camera, photo editor;PHOTOGRAPHY;44;3368705;Varies with device;100,000,000+;Free;0;Everyone;Photography;16.07.2018;4.47;4.0.3 and up
Candy selfie - photo editor, live filter camera;PHOTOGRAPHY;44;53421;26M;10,000,000+;Free;0;Everyone;Photography;06.08.2018;2.74.685;4.0.3 and up
Canon CameraWindow;PHOTOGRAPHY;35;12204;6.8M;1,000,000+;Free;0;Everyone;Photography;14.03.2017;1.5.2.21;2.3.3 and up
CB Edits PNG & CB Backgrounds;PHOTOGRAPHY;42;17;3.4M;5,000+;Free;0;Everyone;Photography;20.07.2018;1.0.0;4.1 and up
CB Hair Png - New Hair Png For CB Editing;PHOTOGRAPHY;46;26;7.2M;500+;Free;0;Everyone;Photography;29.07.2018;2;4.0 and up
CB VIDEO VISION;PHOTOGRAPHY;50;13;2.6M;100+;Free;0;Everyone;Photography;12.09.2017;0.0.2;4.1 and up
CG Prints;PHOTOGRAPHY;50;1;2.3M;100+;Free;0;Everyone;Photography;24.01.2017;1.0.5;4.3 and up
Change photo background;PHOTOGRAPHY;38;28660;6.4M;5,000,000+;Free;0;Everyone;Photography;21.03.2018;1.0.12;4.0.3 and up
Collage&Add Stickers papelook;PHOTOGRAPHY;40;32896;31M;5,000,000+;Free;0;Everyone;Photography;14.03.2018;3.3.5;2.3.3 and up
Color Touch Effects;PHOTOGRAPHY;38;167652;12M;10,000,000+;Free;0;Everyone;Photography;23.04.2018;4.5;4.1 and up
Cover Camera for FB;PHOTOGRAPHY;38;742;1.8M;100,000+;Free;0;Everyone;Photography;09.03.2014;3.0.0;2.2 and up
Cut Out : Background Eraser and background changer;PHOTOGRAPHY;41;7118;9.2M;1,000,000+;Free;0;Everyone;Photography;29.06.2018;1.6;4.0 and up
Cymera Camera- Photo Editor, Filter,Collage,Layout;PHOTOGRAPHY;44;2418135;Varies with device;100,000,000+;Free;0;Everyone;Photography;12.07.2018;Varies with device;Varies with device
Cymera Camera- Photo Editor, Filter,Collage,Layout;PHOTOGRAPHY;44;2418135;Varies with device;100,000,000+;Free;0;Everyone;Photography;12.07.2018;Varies with device;Varies with device
Cymera Camera- Photo Editor, Filter,Collage,Layout;PHOTOGRAPHY;44;2418158;Varies with device;100,000,000+;Free;0;Everyone;Photography;12.07.2018;Varies with device;Varies with device
Cymera Camera- Photo Editor, Filter,Collage,Layout;PHOTOGRAPHY;44;2418165;Varies with device;100,000,000+;Free;0;Everyone;Photography;12.07.2018;Varies with device;Varies with device
DC-014;PHOTOGRAPHY;50;3;16M;500+;Free;0;Everyone;Photography;14.06.2018;1.0.3;4.1 and up
DENVER ACTION CAM 3;PHOTOGRAPHY;29;66;8.9M;10,000+;Free;0;Everyone;Photography;16.11.2016;1.0.2;2.2 and up
DF Night Selfies;PHOTOGRAPHY;43;194;1.5M;10,000+;Free;0;Everyone;Photography;15.02.2018;1.6.0;4.0 and up
Displaying You VR;PHOTOGRAPHY;1;1;67M;50+;Free;0;Everyone;Photography;19.10.2016;3.0.6.2;4.0 and up
DM ?????;PHOTOGRAPHY;1;2;10M;100+;Free;0;Everyone;Photography;14.10.2017;30.0;3.2 and up
DP Creator for WhatsApp;PHOTOGRAPHY;38;4813;5.1M;100,000+;Free;0;Everyone;Photography;19.03.2016;1.5;2.2 and up
DP Editor;PHOTOGRAPHY;43;18;15M;5,000+;Free;0;Teen;Photography;04.08.2018;1.5;4.1 and up
Dp For FB;PHOTOGRAPHY;45;12;2.0M;1,000+;Free;0;Teen;Photography;19.10.2017;1.0;4.1 and up
DP Maker;PHOTOGRAPHY;42;784;18M;100,000+;Free;0;Everyone;Photography;29.04.2018;1.00.15;4.1 and up
DP Photo Editor;PHOTOGRAPHY;41;88;7.7M;10,000+;Free;0;Everyone;Photography;29.09.2017;2.5;4.1 and up
DP Status 2017;PHOTOGRAPHY;42;302;7.0M;50,000+;Free;0;Everyone;Photography;15.06.2017;15|06|17;4.1 and up
DS-L4 Viewer;PHOTOGRAPHY;35;13;7.9M;1,000+;Free;0;Everyone;Photography;29.01.2018;1.2.0.9;5.0 and up
DSLR camera - Auto Focus and Blur Professional;PHOTOGRAPHY;34;30;3.0M;10,000+;Free;0;Everyone;Photography;18.04.2018;5.1.2;4.0.3 and up
DSLR Camera Hd Ultra Professional;PHOTOGRAPHY;42;4410;4.5M;1,000,000+;Free;0;Everyone;Photography;27.06.2018;4.1;4.0.3 and up
DSLR Photography Training apps;PHOTOGRAPHY;40;675;15M;100,000+;Free;0;Everyone;Photography;29.07.2017;2.1;2.3 and up
DU Collage Maker - Photo Collage & Grid & Layout;PHOTOGRAPHY;47;4595;2.5M;100,000+;Free;0;Everyone;Photography;04.09.2017;1.4.0;4.0 and up
DU GIF Maker: GIF Maker, Video to GIF & GIF Editor;PHOTOGRAPHY;46;7605;4.3M;500,000+;Free;0;Everyone;Photography;10.04.2018;1.2.2.2;4.3 and up
DV KING;PHOTOGRAPHY;30;2;9.3M;100+;Free;0;Everyone;Photography;19.09.2017;1.0.0;2.2 and up
DV KING 4K;PHOTOGRAPHY;23;3;8.5M;100+;Free;0;Everyone;Photography;17.07.2018;1.0.10;4.0 and up
DV Lottery Photo Tool;PHOTOGRAPHY;40;223;1.7M;50,000+;Free;0;Everyone;Photography;28.10.2017;1.06;4.2 and up
DV-4036 by Somikon;PHOTOGRAPHY;1;17;44M;1,000+;Free;0;Everyone;Photography;19.01.2017;0.0.5;4.3 and up
easyFocus;PHOTOGRAPHY;37;3396;266k;500,000+;Free;0;Everyone;Photography;28.11.2012;1.2.0;2.2 and up
EF Lens Simulator;PHOTOGRAPHY;1;2;33M;100+;Paid;7,99;Everyone;Photography;27.02.2017;2.8.3.1;2.2 and up
EyeEm - Camera & Photo Filter;PHOTOGRAPHY;42;215343;44M;10,000,000+;Free;0;Everyone;Photography;14.07.2018;6.4.3;4.0.3 and up
Ez iCam;PHOTOGRAPHY;31;7300;46M;1,000,000+;Free;0;Teen;Photography;12.01.2018;V4.1.0;5.0 and up
ez Share Android app;PHOTOGRAPHY;33;1461;13M;100,000+;Free;0;Everyone;Photography;31.08.2017;3.2.6;2.3 and up
F Length Sim (no Ads);PHOTOGRAPHY;1;0;1.7M;10+;Paid;2,90;Everyone;Photography;29.04.2018;1.0;4.0.3 and up
Face Filter, Selfie Editor - Sweet Camera;PHOTOGRAPHY;47;142634;22M;10,000,000+;Free;0;Everyone;Photography;06.07.2018;1.5.1;4.4 and up
Face Filter, Selfie Editor - Sweet Camera;PHOTOGRAPHY;47;142758;22M;10,000,000+;Free;0;Everyone;Photography;06.07.2018;1.5.1;4.4 and up
FaceApp;PHOTOGRAPHY;44;346681;7.1M;10,000,000+;Free;0;Everyone;Photography;10.02.2018;2.0.949;4.4 and up
Facejjang;PHOTOGRAPHY;41;100179;96M;10,000,000+;Free;0;Everyone;Photography;17.05.2018;2.52;4.0.3 and up
Facetune - For Free;PHOTOGRAPHY;44;49553;48M;1,000,000+;Paid;8,31;Everyone;Photography;25.07.2018;1.3.1;4.1 and up
Facetune - For Free;PHOTOGRAPHY;44;49553;48M;1,000,000+;Paid;6,49;Everyone;Photography;25.07.2018;1.3.1;4.1 and up
Facetune - For Free;PHOTOGRAPHY;44;49553;48M;1,000,000+;Paid;8,08;Everyone;Photography;25.07.2018;1.3.1;4.1 and up
FB Photographie;PHOTOGRAPHY;47;37;10M;1,000+;Free;0;Everyone;Photography;22.05.2016;2.0;4.0 and up
FD Fotografia;PHOTOGRAPHY;1;2;4.2M;100+;Free;0;Everyone;Photography;17.01.2018;0.0.9;4.1 and up
FH WiFiCam;PHOTOGRAPHY;26;201;2.5M;10,000+;Free;0;Everyone;Photography;02.05.2017;2.1;4.1 and up
Fifa World Cup 2018: Photo Frame Editor & DP Maker;PHOTOGRAPHY;46;666;8.7M;100,000+;Free;0;Everyone;Photography;20.06.2018;6.1;4.0.3 and up
FilterGrid - Cam&Photo Editor;PHOTOGRAPHY;46;126337;9.6M;1,000,000+;Free;0;Everyone;Photography;15.03.2017;2.0.5;4.0 and up
FilterGrid - Cam&Photo Editor;PHOTOGRAPHY;46;126338;9.6M;1,000,000+;Free;0;Everyone;Photography;15.03.2017;2.0.5;4.0 and up
FL Drone 2;PHOTOGRAPHY;33;41;7.8M;5,000+;Free;0;Everyone;Photography;17.08.2017;1.0.7;2.2 and up
Flickr;PHOTOGRAPHY;43;251951;16M;10,000,000+;Free;0;Mature 17+;Photography;11.07.2018;4.7.3;4.4 and up
Flickr;PHOTOGRAPHY;43;251951;16M;10,000,000+;Free;0;Mature 17+;Photography;11.07.2018;4.7.3;4.4 and up
FN Cam;PHOTOGRAPHY;34;181;10M;10,000+;Free;0;Everyone;Photography;13.01.2016;1.1.5;4.0.3 and up
Font Studio- Photo Texts Image;PHOTOGRAPHY;42;197295;24M;10,000,000+;Free;0;Everyone;Photography;23.06.2017;4.0.7;4.0 and up
Footej Camera;PHOTOGRAPHY;43;13258;Varies with device;1,000,000+;Free;0;Everyone;Photography;20.06.2018;2.3.0 build 180;5.0 and up
Fotor Photo Editor - Photo Collage & Photo Effects;PHOTOGRAPHY;45;597068;Varies with device;10,000,000+;Free;0;Everyone;Photography;09.07.2018;Varies with device;Varies with device
Free Slideshow Maker & Video Editor;PHOTOGRAPHY;42;162564;11M;10,000,000+;Free;0;Everyone;Photography;05.08.2018;5.2;4.0 and up
FreePrints – Free Photos Delivered;PHOTOGRAPHY;48;109500;37M;1,000,000+;Free;0;Everyone;Photography;02.08.2018;2.18.2;4.1 and up
F-Stop Gallery;PHOTOGRAPHY;42;12726;15M;1,000,000+;Free;0;Everyone;Photography;21.07.2018;4.9.18;4.1 and up
F-Stop Gallery Pro;PHOTOGRAPHY;44;1302;58k;10,000+;Paid;2,67;Everyone;Photography;05.08.2015;3.2;2.2 and up
Garden Photo Frames - Garden Photo Editor;PHOTOGRAPHY;44;1864;13M;500,000+;Free;0;Everyone;Photography;03.05.2018;22.0;4.0.3 and up
Ghost In Photo;PHOTOGRAPHY;39;28429;14M;5,000,000+;Free;0;Teen;Photography;16.03.2018;2.0;2.3 and up
Gold Teeth Photo Editor;PHOTOGRAPHY;28;1022;3.8M;100,000+;Free;0;Everyone;Photography;24.08.2016;2.0;2.3 and up
Google Photos;PHOTOGRAPHY;45;10858556;Varies with device;1,000,000,000+;Free;0;Everyone;Photography;06.08.2018;Varies with device;Varies with device
Google Photos;PHOTOGRAPHY;45;10858538;Varies with device;1,000,000,000+;Free;0;Everyone;Photography;06.08.2018;Varies with device;Varies with device
Google Photos;PHOTOGRAPHY;45;10859051;Varies with device;1,000,000,000+;Free;0;Everyone;Photography;06.08.2018;Varies with device;Varies with device
Google Photos;PHOTOGRAPHY;45;10847682;Varies with device;1,000,000,000+;Free;0;Everyone;Photography;01.08.2018;Varies with device;Varies with device
GoPro (formerly Capture);PHOTOGRAPHY;40;157506;47M;10,000,000+;Free;0;Everyone;Photography;24.05.2018;4.5.2;5.0 and up
Groovebook Photo Books & Gifts;PHOTOGRAPHY;40;21159;36M;500,000+;Free;0;Everyone;Photography;31.01.2018;2.1.9;4.0.3 and up
Guide to Nikon Df;PHOTOGRAPHY;1;1;663k;10+;Paid;7,12;Everyone;Photography;18.02.2014;2.0.0;4.0.3 and up
HD Camera;PHOTOGRAPHY;43;49680;8.7M;5,000,000+;Free;0;Everyone;Photography;11.07.2018;1.8.5;4.2 and up
HD Camera - Best Cam with filters & panorama;PHOTOGRAPHY;45;38953;9.7M;5,000,000+;Free;0;Everyone;Photography;26.07.2018;2.2.4;4.2 and up
HD Camera - Quick Snap Photo & Video;PHOTOGRAPHY;45;21841;7.7M;1,000,000+;Free;0;Everyone;Photography;24.07.2018;1.6.4;4.2 and up
HD Camera - silent shutter;PHOTOGRAPHY;40;26530;3.9M;1,000,000+;Free;0;Everyone;Photography;23.07.2018;2.3.5;3.2 and up
HD Camera for Android;PHOTOGRAPHY;41;351254;4.0M;10,000,000+;Free;0;Everyone;Photography;29.06.2018;4.6.0.0;4.2 and up
HD Camera for Android;PHOTOGRAPHY;41;351255;4.0M;10,000,000+;Free;0;Everyone;Photography;29.06.2018;4.6.0.0;4.2 and up
HD Camera Pro for Android;PHOTOGRAPHY;41;49211;1.9M;1,000,000+;Free;0;Everyone;Photography;19.01.2017;1.5.5;2.1 and up
HD Camera Ultra;PHOTOGRAPHY;43;462152;1.5M;10,000,000+;Free;0;Everyone;Photography;17.10.2015;2.3.1;Varies with device
High-Speed Camera (GIF,Burst);PHOTOGRAPHY;41;78140;10M;5,000,000+;Free;0;Everyone;Photography;11.02.2018;5.5.2;4.0.3 and up
How Do I Look;PHOTOGRAPHY;27;3032;2.8M;500,000+;Free;0;Everyone;Photography;08.12.2017;1.3;3.0 and up
Huji Cam;PHOTOGRAPHY;44;40289;19M;5,000,000+;Free;0;Everyone;Photography;11.07.2018;2.2;5.0 and up
Hypocam;PHOTOGRAPHY;45;12572;8.5M;1,000,000+;Free;0;Everyone;Photography;14.03.2018;1.31;4.0 and up
i am EB;PHOTOGRAPHY;50;1;5.4M;10+;Free;0;Teen;Photography;01.02.2017;1.0;4.1 and up
Insave-Download for Instagram;PHOTOGRAPHY;43;46242;5.2M;1,000,000+;Free;0;Everyone;Photography;20.09.2016;2.1.3;4.0 and up
Insta Square Profile DP;PHOTOGRAPHY;37;42;11M;5,000+;Free;0;Everyone;Photography;01.09.2015;1.0;4.0 and up
InstaBeauty -Makeup Selfie Cam;PHOTOGRAPHY;43;654419;Varies with device;50,000,000+;Free;0;Everyone;Photography;01.02.2018;Varies with device;4.0.3 and up
InstaBeauty -Makeup Selfie Cam;PHOTOGRAPHY;43;654418;Varies with device;50,000,000+;Free;0;Everyone;Photography;01.02.2018;Varies with device;4.0.3 and up
InstaCam - Camera for Selfie;PHOTOGRAPHY;40;15098;10.0M;1,000,000+;Free;0;Everyone;Photography;03.03.2017;1.43;2.3 and up
InstaSize Photo Filters & Collage Editor;PHOTOGRAPHY;43;811693;50M;50,000,000+;Free;0;Everyone;Photography;02.08.2018;4.0.26;4.4 and up
InstaSize Photo Filters & Collage Editor;PHOTOGRAPHY;43;811714;50M;50,000,000+;Free;0;Everyone;Photography;02.08.2018;4.0.26;4.4 and up
Keepsafe Photo Vault: Hide Private Photos & Videos;PHOTOGRAPHY;46;1656808;Varies with device;50,000,000+;Free;0;Everyone;Photography;31.07.2018;9.14.1;4.4 and up
Kids Photo Frames;PHOTOGRAPHY;46;15700;10M;1,000,000+;Free;0;Everyone;Photography;07.07.2018;2.3;4.0.3 and up
KVAD Camera +: Selfie, Photo Filter, Grids;PHOTOGRAPHY;41;23440;30M;1,000,000+;Free;0;Everyone;Photography;11.07.2018;1.8.2;4.0 and up
LALALAB prints your photos, photobooks and magnets;PHOTOGRAPHY;47;50424;82M;1,000,000+;Free;0;Everyone;Photography;02.08.2018;584;4.1 and up
Lapse It • Time Lapse • Pro;PHOTOGRAPHY;43;12865;6.9M;100,000+;Paid;8,06;Everyone;Photography;06.11.2014;4.70;2.2 and up
LC-DB;PHOTOGRAPHY;30;1;2.5M;10+;Paid;0,96;Everyone;Photography;20.10.2017;1.0;4.2 and up
LC-DB-LITE;PHOTOGRAPHY;1;0;2.3M;100+;Free;0;Everyone;Photography;20.10.2017;1.0;4.2 and up
Leica CL;PHOTOGRAPHY;26;8;2.4M;1,000+;Free;0;Everyone;Photography;21.11.2017;1.0;4.1 and up
Leica Q;PHOTOGRAPHY;31;133;2.3M;10,000+;Free;0;Everyone;Photography;08.05.2018;1.0.2.1;4.0 and up
Life Made WI-Fi Touchscreen Photo Frame;PHOTOGRAPHY;19;;1,000+;Free;Free;;;February 11, 2018;;4.0 and up;
Light Meter - EV;PHOTOGRAPHY;40;26;8.5M;1,000+;Free;0;Everyone;Photography;02.08.2018;4.1.1;4.4 and up
LightMeter (noAds);PHOTOGRAPHY;46;617;12M;10,000+;Paid;1,47;Everyone;Photography;22.11.2016;1.5.10.NA;3.2 and up
LightMeter Free;PHOTOGRAPHY;41;5485;13M;1,000,000+;Free;0;Everyone;Photography;28.04.2016;1.2.3;3.2 and up
LightX Photo Editor & Photo Effects;PHOTOGRAPHY;47;259450;17M;10,000,000+;Free;0;Everyone;Photography;24.05.2018;1.0.4;4.1 and up
LINE Camera - Photo editor;PHOTOGRAPHY;43;1517369;Varies with device;100,000,000+;Free;0;Everyone;Photography;06.03.2018;Varies with device;Varies with device
LINE Camera - Photo editor;PHOTOGRAPHY;43;1517395;Varies with device;100,000,000+;Free;0;Everyone;Photography;06.03.2018;Varies with device;Varies with device
Live DV;PHOTOGRAPHY;20;16;17M;1,000+;Free;0;Everyone;Photography;09.05.2018;1.0.6;4.4 and up
love;PHOTOGRAPHY;43;42677;22M;1,000,000+;Free;0;Everyone;Photography;15.06.2018;1.28;4.0.3 and up
Love Collage - Photo Editor;PHOTOGRAPHY;43;251686;31M;10,000,000+;Free;0;Everyone;Photography;28.07.2017;2.3.8.6;4.1 and up
Magical Insta DP;PHOTOGRAPHY;1;2;5.2M;1,000+;Free;0;Everyone;Photography;28.06.2018;1.1;4.0 and up
Makeup Editor -Beauty Photo Editor & Selfie Camera;PHOTOGRAPHY;45;3378;30M;1,000,000+;Free;0;Mature 17+;Photography;25.07.2018;1.7;4.1 and up
Makeup Photo Editor: Makeup Camera & Makeup Editor;PHOTOGRAPHY;44;10525;25M;1,000,000+;Free;0;Everyone;Photography;27.07.2018;8.9.9;4.0 and up
MakeupPlus - Your Own Virtual Makeup Artist;PHOTOGRAPHY;44;758780;53M;50,000,000+;Free;0;Everyone;Photography;03.08.2018;4.0.55;4.0.3 and up
Mega Photo;PHOTOGRAPHY;42;44941;16M;1,000,000+;Free;0;Everyone;Photography;19.10.2016;1.6.2;3.0 and up
Meitu – Beauty Cam, Easy Photo Editor;PHOTOGRAPHY;45;462702;45M;10,000,000+;Free;0;Everyone;Photography;01.08.2018;8.1.0.6;4.3 and up
Mirror Photo:Editor Collage (HD);PHOTOGRAPHY;41;373606;Varies with device;10,000,000+;Free;0;Everyone;Photography;27.03.2018;Varies with device;Varies with device
MIX by Camera360;PHOTOGRAPHY;44;111066;74M;5,000,000+;Free;0;Everyone;Photography;03.08.2018;4.8.7;4.0.3 and up
MomentCam Cartoons & Stickers;PHOTOGRAPHY;42;1260143;Varies with device;50,000,000+;Free;0;Everyone;Photography;12.07.2018;Varies with device;Varies with device
Moony Lab - Print Photos, Books & Magnets ™;PHOTOGRAPHY;47;1320;9.5M;50,000+;Free;0;Everyone;Photography;27.06.2018;2.1.9;4.1 and up
Moto Photo Editor;PHOTOGRAPHY;33;3492;17M;5,000,000+;Free;0;Everyone;Photography;14.06.2018;1.5.3.8;7.0 and up
Motorola Camera;PHOTOGRAPHY;36;219745;Varies with device;50,000,000+;Free;0;Everyone;Photography;25.01.2016;Varies with device;Varies with device
Muzy - Share photos & collages;PHOTOGRAPHY;44;70189;13M;5,000,000+;Free;0;Teen;Photography;11.08.2015;4.0.10;4.0 and up
Muzy - Share photos & collages;PHOTOGRAPHY;44;70189;13M;5,000,000+;Free;0;Teen;Photography;11.08.2015;4.0.10;4.0 and up
My Photo Keyboard;PHOTOGRAPHY;43;56114;17M;10,000,000+;Free;0;Everyone;Photography;09.07.2018;2.6;2.3 and up
My Photo Keyboard;PHOTOGRAPHY;41;211620;20M;10,000,000+;Free;0;Everyone;Photography;29.03.2018;7.4;4.0 and up
NewTek NDI;PHOTOGRAPHY;35;77;1.2M;1,000+;Paid;8,23;Everyone;Photography;26.10.2016;1.1;4.1 and up
Night Camera Blur Effect;PHOTOGRAPHY;36;100;2.5M;10,000+;Free;0;Everyone;Photography;05.08.2018;4.2;4.2 and up
Night Photo Frame;PHOTOGRAPHY;45;4400;8.3M;1,000,000+;Free;0;Everyone;Photography;28.07.2018;2.0.1;4.0.3 and up
No Crop & Square for Instagram;PHOTOGRAPHY;46;819774;25M;10,000,000+;Free;0;Everyone;Photography;26.06.2018;4.2.3;4.0 and up
No Crop & Square for Instagram;PHOTOGRAPHY;46;819694;25M;10,000,000+;Free;0;Everyone;Photography;26.06.2018;4.2.3;4.0 and up
Open Camera;PHOTOGRAPHY;43;116880;2.0M;10,000,000+;Free;0;Everyone;Photography;23.04.2018;1.43.3;4.0.3 and up
Open Camera;PHOTOGRAPHY;43;116880;2.0M;10,000,000+;Free;0;Everyone;Photography;23.04.2018;1.43.3;4.0.3 and up
Open Camera;PHOTOGRAPHY;43;116769;2.0M;10,000,000+;Free;0;Everyone;Photography;23.04.2018;1.43.3;4.0.3 and up
Pencil Photo Sketch-Sketching Drawing Photo Editor;PHOTOGRAPHY;44;16523;Varies with device;1,000,000+;Free;0;Everyone;Photography;30.07.2018;1.2.31;4.1 and up
Phogy, 3D Camera;PHOTOGRAPHY;40;35724;9.9M;1,000,000+;Free;0;Everyone;Photography;11.02.2015;1.40;4.0 and up
Phogy, 3D Camera;PHOTOGRAPHY;40;35725;9.9M;1,000,000+;Free;0;Everyone;Photography;11.02.2015;1.40;4.0 and up
Phonto - Text on Photos;PHOTOGRAPHY;43;307453;17M;10,000,000+;Free;0;Everyone;Photography;26.10.2017;1.7.16;4.0.3 and up
Photo BG Changer;PHOTOGRAPHY;38;11;17M;1,000+;Free;0;Everyone;Photography;21.02.2018;1.3;4.1 and up
Photo Collage - InstaMag;PHOTOGRAPHY;43;542561;46M;10,000,000+;Free;0;Everyone;Photography;02.01.2018;4.7.0;4.0 and up
Photo Collage - Layout Editor;PHOTOGRAPHY;45;285788;46M;10,000,000+;Free;0;Everyone;Photography;04.12.2017;1.8.0.170824_9;5.0 - 8.0
Photo Collage Editor;PHOTOGRAPHY;42;1028637;Varies with device;100,000,000+;Free;0;Everyone;Photography;21.12.2017;Varies with device;Varies with device
Photo Collage Maker;PHOTOGRAPHY;43;751766;Varies with device;10,000,000+;Free;0;Everyone;Photography;10.05.2018;Varies with device;Varies with device
Photo Editor;PHOTOGRAPHY;43;42079;17M;1,000,000+;Free;0;Everyone;Photography;24.09.2015;Varies with device;4.0.3 and up
Photo Editor;PHOTOGRAPHY;41;114680;27M;10,000,000+;Free;0;Everyone;Photography;15.02.2018;1.38;4.1 and up
Photo Editor-;PHOTOGRAPHY;43;68070;Varies with device;5,000,000+;Free;0;Everyone;Photography;05.05.2018;Varies with device;Varies with device
Photo Editor-;PHOTOGRAPHY;43;68071;Varies with device;5,000,000+;Free;0;Everyone;Photography;05.05.2018;Varies with device;Varies with device
Photo Editor - BPhoto;PHOTOGRAPHY;45;42;20M;1,000+;Free;0;Everyone;Photography;17.09.2016;1.2;4.2 and up
Photo Editor by Aviary;PHOTOGRAPHY;44;1490732;21M;50,000,000+;Free;0;Everyone;Photography;19.07.2018;4.8.4;4.1 and up
Photo Editor by Aviary;PHOTOGRAPHY;44;1490722;21M;50,000,000+;Free;0;Everyone;Photography;19.07.2018;4.8.4;4.1 and up
Photo Editor by BeFunky;PHOTOGRAPHY;45;192851;Varies with device;10,000,000+;Free;0;Everyone;Photography;12.09.2017;Varies with device;Varies with device
Photo Editor Collage Maker Pro;PHOTOGRAPHY;45;1519671;Varies with device;100,000,000+;Free;0;Everyone;Photography;01.02.2018;Varies with device;Varies with device
Photo Editor Pro;PHOTOGRAPHY;43;1871416;Varies with device;100,000,000+;Free;0;Everyone;Photography;21.12.2017;Varies with device;Varies with device
Photo Editor Pro;PHOTOGRAPHY;43;1871421;Varies with device;100,000,000+;Free;0;Everyone;Photography;21.12.2017;Varies with device;Varies with device
Photo Editor Selfie Camera Filter & Mirror Image;PHOTOGRAPHY;43;527247;Varies with device;50,000,000+;Free;0;Everyone;Photography;01.02.2018;1.6.1;Varies with device
Photo Editor Selfie Camera Filter & Mirror Image;PHOTOGRAPHY;43;527248;Varies with device;50,000,000+;Free;0;Everyone;Photography;01.02.2018;1.6.1;Varies with device
Photo Effects Pro;PHOTOGRAPHY;44;1494491;21M;50,000,000+;Free;0;Everyone;Photography;21.03.2017;3.3.8;3.1 and up
Photo frame;PHOTOGRAPHY;45;859;21M;100,000+;Free;0;Everyone;Photography;18.07.2018;1.5.1;4.0.3 and up
Photo Frame;PHOTOGRAPHY;45;74476;23M;10,000,000+;Free;0;Everyone;Photography;19.06.2018;1.6;4.0 and up
Photo Frames;PHOTOGRAPHY;43;28578;23M;10,000,000+;Free;0;Everyone;Photography;28.07.2018;6.21;4.0 and up
Photo Lab Picture Editor: face effects, art frames;PHOTOGRAPHY;45;1536512;Varies with device;50,000,000+;Free;0;Everyone;Photography;17.07.2018;Varies with device;Varies with device
Photo Mixer;PHOTOGRAPHY;39;55427;6.6M;10,000,000+;Free;0;Everyone;Photography;25.03.2016;5.1;2.3.3 and up
Photo Studio;PHOTOGRAPHY;42;477831;51M;10,000,000+;Free;0;Everyone;Photography;28.07.2018;2.0.17.9;4.0 and up
PhotoDirector Photo Editor App;PHOTOGRAPHY;46;714340;Varies with device;10,000,000+;Free;0;Everyone;Photography;28.07.2018;Varies with device;Varies with device
PhotoFrame for Synology DS;PHOTOGRAPHY;40;1;2.6M;10+;Paid;9,74;Everyone;Photography;02.02.2017;1.5;4.0 and up
PhotoFunia;PHOTOGRAPHY;43;316378;4.4M;10,000,000+;Free;0;Everyone;Photography;03.06.2017;4.0.7.0;2.3 and up
PhotoGrid: Video & Pic Collage Maker, Photo Editor;PHOTOGRAPHY;46;7529865;Varies with device;100,000,000+;Free;0;Everyone;Photography;06.08.2018;6.71;Varies with device
PhotoLayers?Superimpose,Eraser;PHOTOGRAPHY;45;81219;2.6M;10,000,000+;Free;0;Everyone;Photography;14.06.2015;1.4.0;4.1 and up
PhotoScan by Google Photos;PHOTOGRAPHY;43;61990;Varies with device;10,000,000+;Free;0;Everyone;Photography;09.02.2018;1.5.1.182070924;5.0 and up
PhotoWonder: Pro Beauty Photo Editor Collage Maker;PHOTOGRAPHY;44;852649;43M;50,000,000+;Free;0;Teen;Photography;26.06.2018;4.1.0.1;4.2 and up
Pic Collage - Photo Editor;PHOTOGRAPHY;46;1451000;Varies with device;50,000,000+;Free;0;Everyone;Photography;19.07.2018;Varies with device;Varies with device
Pic Stitch - #1 Collage Maker;PHOTOGRAPHY;42;15426;50M;1,000,000+;Free;0;Everyone;Photography;24.07.2018;3.8.3;5.1 and up
Picai - Smart AI Camera;PHOTOGRAPHY;40;529;Varies with device;100,000+;Free;0;Everyone;Photography;17.07.2018;1.2.3;6.0 and up
PicsArt Photo Studio: Collage Maker & Pic Editor;PHOTOGRAPHY;45;7594559;34M;100,000,000+;Free;0;Teen;Photography;06.08.2018;9.40.3;4.0.3 and up
PicsArt Photo Studio: Collage Maker & Pic Editor;PHOTOGRAPHY;45;7590099;34M;100,000,000+;Free;0;Teen;Photography;31.07.2018;9.40.3;4.0.3 and up
Picture Grid Builder;PHOTOGRAPHY;40;33439;3.9M;5,000,000+;Free;0;Everyone;Photography;18.07.2016;3.2;2.3.3 and up
PIP Selfie Camera Photo Editor;PHOTOGRAPHY;44;156322;Varies with device;10,000,000+;Free;0;Everyone;Photography;01.02.2018;Varies with device;Varies with device
PIP-Camera FN Photo Effect;PHOTOGRAPHY;46;8;9.0M;1,000+;Free;0;Everyone;Photography;04.12.2016;1.0;2.3 and up
PixelLab - Text on pictures;PHOTOGRAPHY;46;108002;Varies with device;10,000,000+;Free;0;Everyone;Photography;26.07.2018;Varies with device;Varies with device
Pixgram- video photo slideshow;PHOTOGRAPHY;42;93726;9.2M;5,000,000+;Free;0;Everyone;Photography;08.07.2018;2.0.18;4.3 and up
Pixlr – Free Photo Editor;PHOTOGRAPHY;44;1163232;31M;50,000,000+;Free;0;Everyone;Photography;20.07.2018;3.4.0;4.0.3 and up
Pixlr-o-matic;PHOTOGRAPHY;45;180697;6.1M;10,000,000+;Free;0;Everyone;Photography;25.04.2017;2.2.5;2.1 and up
Pocket AC;PHOTOGRAPHY;48;130;4.4M;1,000+;Paid;8,69;Everyone;Photography;27.06.2018;3.1.1;4.1 and up
Pretty Makeup, Beauty Photo Editor & Snappy Camera;PHOTOGRAPHY;45;26361;29M;5,000,000+;Free;0;Everyone;Photography;25.07.2018;5.3;4.1 and up
Profile w/o crop for Telegram;PHOTOGRAPHY;42;348;1.5M;10,000+;Free;0;Everyone;Photography;11.04.2014;3.1.50;2.3.3 and up
QuickPic - Photo Gallery with Google Drive Support;PHOTOGRAPHY;46;847159;4.2M;10,000,000+;Free;0;Everyone;Photography;10.11.2017;4.7.4;4.0 and up
QuickPic - Photo Gallery with Google Drive Support;PHOTOGRAPHY;46;847159;4.2M;10,000,000+;Free;0;Everyone;Photography;10.11.2017;4.7.4;4.0 and up
QuickPic - Photo Gallery with Google Drive Support;PHOTOGRAPHY;46;847144;4.2M;10,000,000+;Free;0;Everyone;Photography;10.11.2017;4.7.4;4.0 and up
Retrica;PHOTOGRAPHY;43;6120977;Varies with device;100,000,000+;Free;0;Everyone;Photography;28.06.2018;6.1.0;Varies with device
Retro Camera;PHOTOGRAPHY;40;125616;Varies with device;10,000,000+;Free;0;Everyone;Photography;10.03.2017;Varies with device;2.3.3 and up
RetroSelfie - Selfie Editor;PHOTOGRAPHY;41;106080;35M;10,000,000+;Free;0;Everyone;Photography;27.06.2018;6.1.6;4.1 and up
S Photo Editor - Collage Maker , Photo Collage;PHOTOGRAPHY;44;972574;45M;100,000,000+;Free;0;Everyone;Photography;03.08.2018;2.31;4.1 and up
Samsung SMART CAMERA App;PHOTOGRAPHY;40;34753;22M;1,000,000+;Free;0;Everyone;Photography;03.07.2018;1.4.0_180703;4.2 and up
Scoompa Video - Slideshow Maker and Video Editor;PHOTOGRAPHY;45;559931;Varies with device;10,000,000+;Free;0;Everyone;Photography;10.05.2018;Varies with device;Varies with device
Selfie Camera - Photo Editor & Filter & Sticker;PHOTOGRAPHY;42;401820;Varies with device;50,000,000+;Free;0;Everyone;Photography;27.04.2018;Varies with device;Varies with device
Selfie Camera: Beauty Camera, Photo Editor,Collage;PHOTOGRAPHY;47;31985;9.1M;1,000,000+;Free;0;Everyone;Photography;06.08.2018;1.7.14;4.2 and up
Selfie Photo Editor;PHOTOGRAPHY;46;11677;19M;1,000,000+;Free;0;Everyone;Photography;05.07.2018;1.0.3;4.4 and up
Selfie With Champion AJ Style;PHOTOGRAPHY;50;2;7.5M;500+;Free;0;Everyone;Photography;08.01.2018;1.0;3.2 and up
Shutterfly: Free Prints, Photo Books, Cards, Gifts;PHOTOGRAPHY;46;98716;59M;5,000,000+;Free;0;Everyone;Photography;01.08.2018;5.13.1;5.0 and up
Shutterfly: Free Prints, Photo Books, Cards, Gifts;PHOTOGRAPHY;46;98716;59M;5,000,000+;Free;0;Everyone;Photography;01.08.2018;5.13.1;5.0 and up
Shutterfly: Free Prints, Photo Books, Cards, Gifts;PHOTOGRAPHY;46;98716;59M;5,000,000+;Free;0;Everyone;Photography;01.08.2018;5.13.1;5.0 and up
Shutterfly: Free Prints, Photo Books, Cards, Gifts;PHOTOGRAPHY;46;98717;59M;5,000,000+;Free;0;Everyone;Photography;01.08.2018;5.13.1;5.0 and up
Silent Camera [High Quality];PHOTOGRAPHY;44;47090;Varies with device;5,000,000+;Free;0;Everyone;Photography;28.07.2018;Varies with device;Varies with device
Six Pack Abs Photo Editor;PHOTOGRAPHY;40;5967;17M;1,000,000+;Free;0;Everyone;Photography;02.02.2017;2.0;3.0 and up
Snap Cat Face Camera;PHOTOGRAPHY;40;5855;4.9M;1,000,000+;Free;0;Everyone;Photography;12.07.2018;1.6;2.3 and up
Snapfish;PHOTOGRAPHY;41;32398;28M;1,000,000+;Free;0;Everyone;Photography;01.08.2018;9.6.4;4.4 and up
Snapseed;PHOTOGRAPHY;45;823109;Varies with device;50,000,000+;Free;0;Everyone;Photography;29.06.2018;2.19.0.201907232;4.4 and up
SNOW - AR Camera;PHOTOGRAPHY;43;1017237;Varies with device;50,000,000+;Free;0;Everyone;Photography;30.07.2018;7.6.5;4.3 and up
SportLook;PHOTOGRAPHY;25;1283;8.2M;100,000+;Free;0;Everyone;Photography;21.06.2018;1.2.7;4.1 and up
Square DP For Whatsapp;PHOTOGRAPHY;42;67;15M;10,000+;Free;0;Everyone;Photography;29.03.2017;1.0;4.0.3 and up
Square InPic - Photo Editor & Collage Maker;PHOTOGRAPHY;44;635846;14M;50,000,000+;Free;0;Everyone;Photography;23.05.2018;4.2.14;4.0 and up
Story Saver for Instagram;PHOTOGRAPHY;45;41331;5.0M;5,000,000+;Free;0;Everyone;Photography;31.07.2018;1.4.4;4.0.3 and up
SuperPhoto - Effects & Filters;PHOTOGRAPHY;41;43296;Varies with device;5,000,000+;Free;0;Everyone;Photography;20.09.2017;Varies with device;Varies with device
Sweet Camera;PHOTOGRAPHY;44;71898;23M;5,000,000+;Free;0;Everyone;Photography;10.10.2017;6.1.7.100920;4.0.3 and up
Sweet Camera - Selfie Filters, Beauty Camera;PHOTOGRAPHY;47;233039;24M;10,000,000+;Free;0;Everyone;Photography;28.07.2018;1.5.3;4.4 and up
Sweet Selfie - selfie camera, beauty cam, photo edit;PHOTOGRAPHY;46;1159058;25M;100,000,000+;Free;0;Everyone;Photography;03.08.2018;2.73.672;4.0.3 and up
Sweet Snap - live filter, Selfie photo edit;PHOTOGRAPHY;45;123029;Varies with device;10,000,000+;Free;0;Everyone;Photography;02.08.2018;Varies with device;4.0.3 and up
Sweet Snap Lite - live filter, Selfie photo editor;PHOTOGRAPHY;45;3116;22M;500,000+;Free;0;Everyone;Photography;03.08.2018;2.15.180;4.0.3 and up
Thumbnail Maker;PHOTOGRAPHY;44;26252;24M;1,000,000+;Free;0;Everyone;Photography;26.05.2018;1.7;4.2 and up
Touch DV;PHOTOGRAPHY;1;1;11M;50+;Free;0;Everyone;Photography;07.07.2017;10.4;4.2 and up
TouchNote: Cards & Gifts;PHOTOGRAPHY;41;19232;28M;1,000,000+;Free;0;Everyone;Photography;06.08.2018;7.4.2;4.4 and up
U Camera : Phone 6s OS 9 style;PHOTOGRAPHY;42;2158;3.0M;500,000+;Free;0;Everyone;Photography;28.08.2017;1.0.3;4.0 and up
Ultimate Background Eraser;PHOTOGRAPHY;43;14453;21M;1,000,000+;Free;0;Everyone;Photography;13.03.2018;1.9;4.1 and up
Unicorn Photo;PHOTOGRAPHY;37;3362;Varies with device;1,000,000+;Free;0;Everyone;Photography;22.05.2018;Varies with device;4.0 and up
V.360° Camera;PHOTOGRAPHY;33;582;28M;100,000+;Free;0;Everyone;Photography;11.09.2015;1.1.6;4.4 and up
Video Editor Music,Cut,No Crop;PHOTOGRAPHY;47;2163282;Varies with device;50,000,000+;Free;0;Everyone;Photography;10.07.2018;Varies with device;Varies with device
Video Maker with Photo and Music;PHOTOGRAPHY;43;4871;30M;1,000,000+;Free;0;Everyone;Photography;19.03.2018;1.0.2;4.1 and up
Visage Lab – face retouch;PHOTOGRAPHY;35;49523;Varies with device;5,000,000+;Free;0;Everyone;Photography;05.10.2016;Varies with device;Varies with device
VSCO;PHOTOGRAPHY;44;753115;Varies with device;50,000,000+;Free;0;Everyone;Photography;03.08.2018;71;4.4 and up
Wallpaper.cz;PHOTOGRAPHY;49;7;2.2M;100+;Free;0;Everyone;Photography;11.07.2015;1.2.0;3.0 and up
Waterfall Photo Frames;PHOTOGRAPHY;45;10349;11M;1,000,000+;Free;0;Everyone;Photography;29.07.2017;1.6.0;2.3 and up
Wifi Action Camera;PHOTOGRAPHY;29;118;26M;50,000+;Free;0;Everyone;Photography;24.07.2018;1.3.5;4.0 and up
Wondershare PowerCam;PHOTOGRAPHY;42;329160;27M;10,000,000+;Free;0;Everyone;Photography;29.05.2018;3.1.8.180529;2.3 and up
XDV;PHOTOGRAPHY;31;6827;8.7M;1,000,000+;Free;0;Everyone;Photography;20.04.2018;1.9.5;2.3 and up
YouCam Makeup - Magic Selfie Makeovers;PHOTOGRAPHY;46;3337956;Varies with device;100,000,000+;Free;0;Everyone;Photography;06.08.2018;Varies with device;Varies with device
YouCam Makeup - Magic Selfie Makeovers;PHOTOGRAPHY;46;3337952;Varies with device;100,000,000+;Free;0;Everyone;Photography;06.08.2018;Varies with device;Varies with device
YouCam Perfect - Selfie Photo Editor;PHOTOGRAPHY;45;1579287;Varies with device;100,000,000+;Free;0;Everyone;Photography;25.07.2018;Varies with device;Varies with device
YouCam Perfect - Selfie Photo Editor;PHOTOGRAPHY;45;1579287;Varies with device;100,000,000+;Free;0;Everyone;Photography;25.07.2018;Varies with device;Varies with device
YouCam Perfect - Selfie Photo Editor;PHOTOGRAPHY;45;1579343;Varies with device;100,000,000+;Free;0;Everyone;Photography;25.07.2018;Varies with device;Varies with device
Z Camera;PHOTOGRAPHY;38;142;7.7M;10,000+;Free;0;Everyone;Photography;08.04.2016;1.8;4.0 and up
Z Camera - Photo Editor, Beauty Selfie, Collage;PHOTOGRAPHY;44;1075277;47M;100,000,000+;Free;0;Mature 17+;Photography;03.08.2018;4.21;4.1 and up
Z Camera - Photo Editor, Beauty Selfie, Collage;PHOTOGRAPHY;44;1075016;47M;100,000,000+;Free;0;Mature 17+;Photography;03.08.2018;4.21;4.1 and up
